Trial,RunNumber,TrialOnset,CueType,CueOffset,FixationDuration,FixationOnset,Calibration,TargetOnset,ReactionTime,FeedbackOnset,FeedbackValue,TrialEnd,OriginalITI,ExcessTime,AdjustedITI,IsWin,EndITItime,EarlyHit,CumulativeBlockTotal,TriggerTimestamp,LeadInStart,LeadOut
1,1,5.01260445697699,6,7.03724057698855,4.5,7.06882072397275,0.3,11.5738943840261,0.24495643901173,12.5863010149915,1,14.6032582020271,2,0.0932667679735459,1.90673323202645,1,16.5102529400028,0,1,263427.976914845,0.0521285110153258,NaN
2,1,16.5985612269724,3,18.6203339360072,3,18.6353192940005,0.3,21.6388931269757,0.279687762027606,22.6531145020272,0,24.6698801799794,2,0.159895706980024,1.84010429301998,1,26.5111299449927,0,1,263427.976914845,0.0521285110153258,NaN
3,1,26.5281398959924,7,28.5371656779898,1,28.551658671,0.3,29.5541678760201,0.283330828999169,30.5704494640231,3,32.5852058369783,4,0.0752736940048635,3.92472630599514,1,36.5107524840278,0,4,263427.976914845,0.0521285110153258,NaN
4,1,36.527434897027,8,38.5363423560048,5,38.5516989179887,0.28,43.5584646110074,0.254359522019513,44.5718160549877,5,46.5856358510209,2,0.0757014330010861,1.92429856699891,1,48.5104234819883,0,9,263427.976914845,0.0521285110153258,NaN
5,1,48.5264239630196,5,50.5532484800206,5,50.5682705930085,0.26,55.5736693529761,0.265332693990786,56.5939127730089,-9,58.6027512890287,2,0.0926972539746203,1.90730274602538,0,60.5111436789739,0,0,263427.976914845,0.0521285110153258,NaN
6,1,60.5307719850098,1,62.5364550710074,3.5,62.5511253720033,0.26,66.0596211720258,0.275641851010732,67.0732981209876,-1,69.0849312130013,6,0.0750031329807825,5.92499686701922,0,75.0104676890187,0,-1,263427.976914845,0.0521285110153258,NaN
7,1,75.0219129759935,2,77.0352789949975,4,77.0511092090164,0.26,81.0586385020288,0.289669186982792,82.0703346349765,-3,84.0851138019934,2,0.0751848889631219,1.92481511103688,0,86.0110049570212,0,-4,263427.976914845,0.0521285110153258,NaN
8,1,86.0222423059749,4,88.035031877982,1.5,88.0508027650067,0.26,NaN,NaN,88.6228485049796,-7,92.5631424519815,6,0.0532138419803232,5.94678615801968,0,98.510525152029,1,-11,263427.976914845,0.0521285110153258,NaN
9,1,98.5212227960001,9,100.535304455028,4.5,100.550749376009,0.28,105.051628347021,0.251846847007982,106.068187655008,7,108.084514582006,2,0.0745863679912873,1.92541363200871,1,110.010543796001,0,-4,263427.976914845,0.0521285110153258,NaN
10,1,110.021630592004,10,112.034786752018,4.5,112.050721408974,0.28,116.555132232024,0.25563227199018,117.570477195026,9,119.584470255009,4,0.0745414539705962,3.9254585460294,1,123.510841412004,0,5,263427.976914845,0.0521285110153258,NaN
11,1,123.522224566026,6,125.534073719988,1,125.550667134987,0.28,126.554006916005,0.378643030999228,127.572250998986,0,129.58441344701,2,0.0744854079675861,1.92551459203241,0,131.510637341999,0,5,263427.976914845,0.0521285110153258,NaN
12,1,131.525208331994,1,133.535455761012,3,133.550548947009,0.3,136.552964073024,0.303515136009082,137.571130249009,-1,139.584706405993,4,0.0747742420062423,3.92522575799376,0,143.510586717981,0,4,263427.976914845,0.0521285110153258,NaN
13,1,143.520785255998,7,145.533489251975,1.5,145.550200607977,0.32,147.057244796015,0.398992507020012,148.072448863008,0,150.08382940403,2,0.0738984670024365,1.92610153299756,0,152.011075423972,0,4,263427.976914845,0.0521285110153258,NaN
14,1,152.022312354995,4,154.034082581988,3,154.050141538028,0.34,157.053482954972,0.356175504042767,158.069235022005,-7,160.084783999017,4,0.0748528309632093,3.92514716903679,0,164.01063484,0,-3,263427.976914845,0.0521285110153258,NaN
15,1,164.021822533978,9,166.033361113979,3.5,166.049953927984,0.36,169.557082758984,0.522152547026053,170.568315392011,0,172.583799962013,4,0.0738710429868661,3.92612895701313,0,176.510008134006,0,-3,263427.976914845,0.0521285110153258,NaN
16,1,176.521376518998,5,178.533802320017,1,178.549749178987,0.38,179.550899743976,0.233114908973221,180.572372197988,0,182.582924960996,6,0.0729975529829971,5.927002447017,1,188.511018323014,0,-3,263427.976914845,0.0521285110153258,NaN
17,1,188.522189878975,8,190.533335967979,2,190.549415607995,0.38,192.550308678998,0.256440718017984,193.573512153002,5,195.583735193999,6,0.0738039359566756,5.92619606404332,1,201.510956694023,0,2,263427.976914845,0.0521285110153258,NaN
18,1,201.522219316976,3,203.534487576981,2,203.549576884019,0.38,205.557644556975,0.225709299964365,206.568541029992,0,208.582886034972,4,0.072957944998052,3.92704205500195,1,212.510646894982,0,2,263427.976914845,0.0521285110153258,NaN
19,1,212.522001201985,10,214.532953530026,1.5,214.549212972983,0.38,216.055822358001,0.315510125015862,217.071215478005,9,219.083278145001,4,0.0733385579660535,3.92666144203395,1,223.011010625982,0,11,263427.976914845,0.0521285110153258,NaN
20,1,223.022282520018,2,225.034190186008,3,225.048952420009,0.38,228.057430471992,0.274858748016413,229.066100734985,0,231.083078276017,6,0.0731492709601298,5.92685072903987,1,237.010439304984,0,11,263427.976914845,0.0521285110153258,NaN
21,1,237.020262604987,5,239.033683019981,1.5,239.048927391006,0.38,240.556653407984,0.254940677026752,241.570490986982,0,243.582430371025,6,0.0724990149610676,5.92750098503893,1,249.510636155028,0,11,263427.976914845,0.0521285110153258,NaN
22,1,249.520245363994,2,251.532587671012,2,251.548764975974,0.38,253.554124157003,0.269173749024048,254.567080006993,0,256.582699764986,6,0.072771676001139,5.92722832399886,1,262.510326164018,0,11,263427.976914845,0.0521285110153258,NaN
23,1,262.52401150699,1,264.533139657986,2,264.548563482007,0.36,266.551729727013,0.433251678012311,267.568610672024,-1,269.582870978978,4,0.0729419909766875,3.92705800902331,0,273.510406572022,0,10,263427.976914845,0.0521285110153258,NaN
24,1,273.520144963986,7,275.532263907022,3,275.548264398996,0.36,278.551379908982,0.222976784047205,279.568807274976,3,281.58213956299,6,0.0722083059954457,5.92779169400455,1,287.510296536027,0,13,263427.976914845,0.0521285110153258,NaN
25,1,287.523180622025,6,289.532489077013,1.5,289.548234239977,0.34,291.054352332023,0.242898488999344,292.065309858008,1,294.082378013001,2,0.0724499669740908,1.92755003302591,1,296.010179374018,0,14,263427.976914845,0.0521285110153258,NaN
26,1,296.021213439002,8,298.033067400975,5,298.048132098978,0.32,303.055699001998,0.438182245008647,304.064913014998,0,306.082790328015,2,0.0728591659571975,1.9271408340428,0,308.010705046996,0,14,263427.976914845,0.0521285110153258,NaN
27,1,308.021228029975,9,310.031560258009,2.5,310.048004748998,0.32,312.552316365007,0.267160949995741,313.569567777973,7,315.582388168026,6,0.0724600799730979,5.9275399200269,1,321.510914461978,0,21,263427.976914845,0.0521285110153258,NaN
28,1,321.519860548025,10,323.531648978009,2.5,323.547764836985,0.3,326.052658784029,0.237248798948713,327.072413927992,9,329.081872651994,6,0.0719414459890686,5.92805855401093,1,335.010498309974,0,30,263427.976914845,0.0521285110153258,NaN
29,1,335.021529759979,3,337.032120482996,2.5,337.047597026976,0.28,339.553286459006,0.227045198029373,340.572317957995,0,342.581481990987,4,0.071553892979864,3.92844610702014,1,346.510276119981,0,30,263427.976914845,0.0521285110153258,NaN
30,1,346.521016379993,4,348.531072355981,4.5,348.547286458022,0.26,353.053133261972,0.231237103987951,354.072110073001,0,356.081091114029,2,0.0711593399755657,1.92884066002443,1,358.010666669987,0,30,263427.976914845,0.0521285110153258,NaN
31,1,358.021177690011,5,360.031759073026,1,360.047289925977,0.24,361.055770959007,0.276123444957193,362.065435523982,-9,364.081067206978,6,0.0711374320089817,5.92886256799102,0,370.010402592015,0,21,263427.976914845,0.0521285110153258,NaN
32,1,370.021423104976,4,372.032030383009,2.5,372.047141949006,0.24,374.550250119995,0.18812592397444,375.570200505026,0,377.581258511986,6,0.0713300890056416,5.92866991099436,1,383.509964095021,0,21,263427.976914845,0.0521285110153258,NaN
33,1,383.519492298015,10,385.531255710986,3.5,385.546975551988,0.22,389.057777355018,0.201860563014634,390.070015274978,9,392.080107585003,4,0.0701764179975726,3.92982358200243,1,396.010611532023,0,30,263427.976914845,0.0521285110153258,NaN
34,1,396.018742214015,1,398.030765715986,5,398.04681007599,0.2,403.049316458986,0.247474251023959,404.066442697018,-1,406.080469222972,2,0.0705319769913331,1.92946802300867,0,408.010085681977,0,29,263427.976914845,0.0521285110153258,NaN
35,1,408.021078168997,8,410.03125065699,1,410.04659755202,0.2,411.047625772015,0.426088240987156,412.065647409006,0,414.081360791984,4,0.0714289709576406,3.92857102904236,0,418.010701540974,0,29,263427.976914845,0.0521285110153258,NaN
36,1,418.020633595006,6,420.029852366017,4,420.046483160986,0.22,424.054853726004,0.260905354982242,425.068906170025,0,427.080373944016,4,0.0704428220051341,3.92955717799487,0,431.01006126299,0,29,263427.976914845,0.0521285110153258,NaN
37,1,431.021186114987,9,433.030438448011,4,433.04630817601,0.24,437.047045795014,0.255986621952616,438.065515840019,0,440.080451625981,2,0.0705206199781969,1.9294793800218,0,442.010708150978,0,29,263427.976914845,0.0521285110153258,NaN
38,1,442.021611450007,3,444.031274900015,2,444.046333445003,0.26,446.049922744976,0.231507969030645,447.067916632979,0,449.080014586973,4,0.070085572951939,3.92991442704806,1,453.01101125899,0,29,263427.976914845,0.0521285110153258,NaN
39,1,453.022163335001,2,455.030746131029,3.5,455.046060817025,0.26,458.548369682976,0.255943085998297,459.565511848021,0,461.579985780991,2,0.0700547359883785,1.92994526401162,1,463.510025520984,0,29,263427.976914845,0.0521285110153258,NaN
40,1,463.521078954975,7,465.529880716989,4,465.545766405005,0.26,469.548667818017,0.404510912019759,470.562632697984,0,472.579287506,2,0.0693594559561461,1.93064054404385,0,474.510789246997,0,29,263427.976914845,0.0521285110153258,NaN
41,1,474.521843076975,8,476.529627624026,4,476.545581660001,0.28,480.545705945988,0.260518471011892,481.562351963017,5,483.579951942025,4,0.0700208519701846,3.92997914802982,1,487.510499008989,0,34,263427.976914845,0.0521285110153258,NaN
42,1,487.521367953974,9,489.53048831498,2.5,489.545560970029,0.28,492.048810244014,0.252591551048681,493.067893125,7,495.079934337002,6,0.0700053089531139,5.92999469104689,1,501.010107193026,0,41,263427.976914845,0.0521285110153258,NaN
43,1,501.019844783004,2,503.030056019023,5,503.045552294992,0.28,508.051661379985,0.216119486023672,509.068265505019,0,511.080059659027,4,0.0701285309623927,3.92987146903761,1,515.010663053021,0,41,263427.976914845,0.0521285110153258,NaN
44,1,515.02167402202,10,517.029650733981,3.5,517.045311237976,0.28,520.54686342302,0.222833282023203,521.569585882011,9,523.578813622997,6,0.0688822229858488,5.93111777701415,1,529.510859920003,0,50,263427.976914845,0.0521285110153258,NaN
45,1,529.523241435003,3,531.530525540991,4.5,531.545184788993,0.28,536.054220878985,0.266862879041582,537.070840117987,0,539.078404256026,6,0.0684760349686258,5.93152396503137,1,545.010737976991,0,50,263427.976914845,0.0521285110153258,553.136048329005
46,2,5.01097029994708,7,7.0306391279446,5,7.04656136198901,0.28,12.0539629079867,0.281368400028441,13.0712796529988,0,15.0814450919861,6,0.0724783680052496,5.92752163199475,0,21.0090690069483,0,0,264082.630216355,0.029716215969529,NaN
47,2,21.0219487119466,4,23.030298396945,4,23.0461691489909,0.28,27.0508167399676,0.360258634027559,28.0709396129823,-7,30.0802711089491,4,0.0715037829941139,3.92849621700589,0,34.0089475509594,0,-7,264082.630216355,0.029716215969529,NaN
48,2,34.0195404389524,1,36.0303323079715,1.5,36.0458382149809,0.28,37.5538907349692,0.785186391032767,38.5640760399983,-1,40.5802588859806,4,0.0714913649717346,3.92850863502827,0,44.5089771809871,0,-8,264082.630216355,0.029716215969529,NaN
49,2,44.5196139209438,5,46.5303446139442,4.5,46.5456947700004,0.3,51.0510610209894,0.269814327009954,52.0676290749689,0,54.0799809889868,6,0.0712136409711093,5.92878635902889,1,60.009396073001,0,-8,264082.630216355,0.029716215969529,NaN
50,2,60.0203297759872,6,62.0297090999666,3.5,62.0453261729563,0.3,65.5538100839476,0.294604602036998,66.5663114069612,1,68.5790789359598,6,0.070314540003892,5.92968545999611,1,74.5089491399704,0,-7,264082.630216355,0.029716215969529,NaN
51,2,74.5198004489648,7,76.5295753079699,4.5,76.5453518999857,0.3,81.0536202649819,0.328222444979474,82.0624460049439,0,84.0794387519709,6,0.0706734560080804,5.92932654399192,0,90.0093172019697,0,-7,264082.630216355,0.029716215969529,NaN
52,2,90.0192591639934,4,92.0298385179485,5,92.0451042579953,0.32,97.0510063699912,0.275585716008209,98.0692058709683,0,100.078427117958,6,0.0696618329966441,5.93033816700336,1,106.009320489946,0,-7,264082.630216355,0.029716215969529,NaN
53,2,106.020215642988,8,108.029699921957,2.5,108.044795213966,0.32,110.547103130957,0.284905980981421,111.568685113976,5,113.578317718988,4,0.0695511009544134,3.93044889904559,1,117.510057768959,0,-2,264082.630216355,0.029716215969529,NaN
54,2,117.521101061953,2,119.528486369993,2,119.544695311983,0.32,121.546003529977,0.865669839025941,122.569849870983,-3,124.57928164897,2,0.070513951999601,1.9294860480004,0,126.509020062978,0,-5,264082.630216355,0.029716215969529,NaN
55,2,126.52011726395,6,128.529157126963,3.5,128.544681923988,0.34,132.047046653985,0.300393906014506,133.068772715982,1,135.078816166962,4,0.0700508569716476,3.92994914302835,1,139.009863842977,0,-4,264082.630216355,0.029716215969529,NaN
56,2,139.021118680947,10,141.029847489961,2.5,141.044587760989,0.34,143.545271188952,0.268005879013799,144.561395641998,9,146.578720527992,2,0.0699561240035109,1.93004387599649,1,148.509830141964,0,5,264082.630216355,0.029716215969529,NaN
57,2,148.520776629972,9,150.528817229962,3,150.54445714195,0.34,153.549414515961,0.240637923008762,154.561010825972,7,156.577643809956,2,0.0688765489612706,1.93112345103873,1,158.509919717966,0,12,264082.630216355,0.029716215969529,NaN
58,2,158.520884650992,3,160.52851621795,2.5,160.54414805799,0.32,163.046610274992,0.231835749000311,164.068965168961,0,166.078779916978,6,0.0700125629664399,5.92998743703356,1,172.009634082962,0,12,264082.630216355,0.029716215969529,NaN
59,2,172.020440879976,1,174.028653392976,3,174.043859451951,0.3,177.049687634979,0.231789130019024,178.066894543997,0,180.077680907969,4,0.0689121169853024,3.9310878830147,1,184.009601624974,0,12,264082.630216355,0.029716215969529,NaN
60,2,184.019394897972,5,186.027675913996,2,186.044000081951,0.28,188.05162289599,0.234760279010516,189.066646023944,0,191.077209072944,2,0.0684438779717311,1.93155612202827,1,193.009559696948,0,12,264082.630216355,0.029716215969529,NaN
61,2,193.020108389959,6,195.027692372969,1.5,195.043690384948,0.26,196.548322246992,0.368000709975604,197.564333476999,0,199.578292124963,4,0.0695269759744406,3.93047302402556,0,203.508912772988,0,12,264082.630216355,0.029716215969529,NaN
62,2,203.519953620969,1,205.528130373976,1,205.543647754996,0.26,206.551863312954,-1,207.561720449943,-1,209.576988285,2,0.0682231530081481,1.93177684699185,0,211.508926720999,0,11,264082.630216355,0.029716215969529,NaN
63,2,211.52035643399,9,213.527735242969,1,213.543631881999,0.26,214.550373646955,0.312737692031078,215.562814996985,0,217.577138903958,4,0.0683736059581861,3.93162639404181,0,221.509330765984,0,11,264082.630216355,0.029716215969529,NaN
64,2,221.520374771964,4,223.528124525968,1.5,223.543339444965,0.28,225.043452162994,0.382952840009239,226.064395574969,-7,228.077815017954,4,0.0690476059680805,3.93095239403192,0,232.009514828969,0,4,264082.630216355,0.029716215969529,NaN
65,2,232.020289871958,10,234.027779386961,4.5,234.043153117993,0.3,238.544223922945,0.248850087053142,239.564878046978,9,241.577274625946,2,0.0685072579653934,1.93149274203461,1,243.509702981974,0,13,264082.630216355,0.029716215969529,NaN
66,2,243.520697744971,3,245.528693903994,4,245.542999303958,0.3,249.551100011973,0.283697300998028,250.565504111,0,252.576628081966,6,0.0678608739981428,5.93213912600186,1,258.510061836976,0,13,264082.630216355,0.029716215969529,NaN
67,2,258.520794349955,8,260.527924548951,5,260.542717762,0.3,265.546913515951,0.378072583000176,266.565050894977,0,268.576935697987,2,0.0681682779686525,1.93183172203135,0,270.508849179954,0,13,264082.630216355,0.029716215969529,NaN
68,2,270.519345622975,7,272.527197558957,2,272.542627941992,0.32,274.548048108991,0.232899599010125,275.561758446973,3,277.576848004945,2,0.0680805160081945,1.93191948399181,1,279.509667852952,0,16,264082.630216355,0.029716215969529,NaN
69,2,279.520325791964,2,281.527817528986,3,281.542384119995,0.32,284.545264046988,0.256027533032466,285.562477686966,0,287.576826967997,4,0.0680616750032641,3.93193832499674,1,291.509304102976,0,16,264082.630216355,0.029716215969529,NaN
70,2,291.519179413968,5,293.527780507982,3.5,293.542347215989,0.32,297.042502658966,0.217436809965875,298.061543720949,0,300.075725784991,6,0.0669613929931074,5.93303860700689,1,306.009026078973,0,16,264082.630216355,0.029716215969529,NaN
71,2,306.019747679995,9,308.027858880989,1.5,308.041962250951,0.32,309.545431035978,0.29368128196802,310.563332353951,7,312.575809831964,6,0.0669673059601337,5.93303269403987,1,318.509624075959,0,23,264082.630216355,0.029716215969529,NaN
72,2,318.520790201961,2,320.527112762968,5,320.542098595994,0.32,325.545175266976,0.412533599999733,326.567453450989,-3,328.575579293945,6,0.0668134409934282,5.93318655900657,0,334.509884902975,0,20,264082.630216355,0.029716215969529,NaN
73,2,334.520450229,1,336.526093585999,2,336.541765261965,0.34,338.543298088945,0.230816093971953,339.558585058956,0,341.576159232995,4,0.0673918210086413,3.93260817899136,1,345.509679856943,0,20,264082.630216355,0.029716215969529,NaN
74,2,345.52024364,6,347.526638138981,3,347.541627079947,0.32,350.54911723698,0.390325354994275,351.559513952991,0,353.575689514983,4,0.0669259209535085,3.93307407904649,0,357.508851884981,0,20,264082.630216355,0.029716215969529,NaN
75,2,357.519987186999,10,359.525553843996,4,359.541446366988,0.32,363.546097500948,0.226144055952318,364.56703539897,9,366.575658770977,6,0.0668914109701291,5.93310858902987,1,372.51003804896,0,29,264082.630216355,0.029716215969529,NaN
76,2,372.521083860949,8,374.525053777965,2,374.541277272976,0.3,376.551557281986,0.507906239945441,377.564133698994,0,379.574674585951,2,0.0659073409624398,1.93409265903756,0,381.509414490953,0,29,264082.630216355,0.029716215969529,NaN
77,2,381.51984881598,3,383.525368752948,4,383.541013796988,0.32,387.549002685992,0.225106329016853,388.564703748969,0,390.575169037969,2,0.0664037530077621,1.93359624699224,1,392.510084743961,0,29,264082.630216355,0.029716215969529,NaN
78,2,392.522952154977,7,394.542218034971,1,394.557776804955,0.3,395.557911862968,0.336736485012807,396.579794027959,0,398.591688255954,4,0.0829229739611037,3.9170770260389,0,402.50948716799,0,29,264082.630216355,0.029716215969529,NaN
79,2,402.520123757946,4,404.524806604953,1,404.540815141983,0.32,405.541534187971,0.272616347006988,406.562669289997,0,408.574543254974,4,0.0657759149908088,3.93422408500919,1,412.50944142096,0,29,264082.630216355,0.029716215969529,NaN
80,2,412.51918786997,5,414.525777542964,1.5,414.54070649395,0.32,416.045182335947,0.325207011017483,417.058548020956,-9,419.074396424985,2,0.0656290489714593,1.93437095102854,0,421.009729251964,0,20,264082.630216355,0.029716215969529,NaN
81,2,421.020800810948,1,423.025678423,1,423.040594499966,0.34,424.048321901995,0.28990477998741,425.058571521949,0,427.075218783983,2,0.0664513249648735,1.93354867503513,1,429.008819520997,0,20,264082.630216355,0.029716215969529,NaN
82,2,429.019446260994,5,431.025223629957,4.5,431.040472715977,0.34,435.548177374993,0.216705336002633,436.562515436963,0,438.574957139965,2,0.0661898019607179,1.93381019803928,1,440.509382064978,0,20,264082.630216355,0.029716215969529,NaN
83,2,440.520081256982,7,442.523571000958,4,442.540525202989,0.34,446.547578337952,0.281411200005095,447.56333471596,3,449.573701001995,6,0.0649335809866898,5.93506641901331,1,455.509890358953,0,23,264082.630216355,0.029716215969529,NaN
84,2,455.519329891948,3,457.525124317966,4.5,457.540028707997,0.34,462.04043682199,0.20441484299954,463.058571522997,0,465.074755822949,6,0.0659883989719674,5.93401160102803,1,471.009744012961,0,23,264082.630216355,0.029716215969529,NaN
85,2,471.020874501963,4,473.040108288988,3,473.056590677996,0.32,476.060975349974,0.355048899014946,477.08054854197,-7,479.090379599947,2,0.0816121929674409,1.91838780703256,0,481.008889921999,0,16,264082.630216355,0.029716215969529,NaN
86,2,481.019249657984,6,483.024288791989,2.5,483.039801394974,0.34,485.544575651991,0.220387881970964,486.560269379988,1,488.574389431975,4,0.0656221119570546,3.93437788804295,1,492.509305506945,0,17,264082.630216355,0.029716215969529,NaN
87,2,492.517444161,8,494.524682710995,2.5,494.539666418976,0.32,497.049301842984,0.207253505010158,498.060531927971,5,500.072927096975,4,0.0641619479865767,3.93583805201342,1,504.008869700949,0,22,264082.630216355,0.029716215969529,NaN
88,2,504.019113467948,9,506.024191345961,5,506.039465229958,0.32,NaN,NaN,506.479225759977,0,514.051010001975,6,0.0422449029865675,5.95775509701343,0,520.009998395981,1,22,264082.630216355,0.029716215969529,NaN
89,2,520.020937640977,10,522.040650898998,3.5,522.055936063989,0.32,525.562536512967,0.221162008994725,526.575453145953,9,528.589327493974,2,0.0805600059684366,1.91943999403156,1,530.510024144955,0,31,264082.630216355,0.029716215969529,NaN
90,2,530.521240075992,2,532.540358757949,3.5,532.555773592961,0.3,536.056565257953,0.232284630008508,537.079889795976,0,539.090294094989,6,0.0815289169549942,5.91847108304501,1,545.009498084954,0,31,264082.630216355,0.029716215969529,553.134650265973
91,3,5.00644861598266,9,7.01136777998181,4,7.02720938198036,0.3,11.0288865329931,0.262879084970336,12.045514479978,7,14.0614931999589,4,0.0585579200414941,3.94144207995851,1,18.0039269310073,0,7,266109.818230913,0.0273773619555868,NaN
92,3,18.0182465689722,2,20.02796991996,2.5,20.0437501900014,0.3,22.5451511639985,0.267310681985691,23.5621741589857,0,25.578627507959,6,0.0756341069936752,5.92436589300632,1,31.5039179729647,0,7,266109.818230913,0.0273773619555868,NaN
93,3,31.5153208259726,5,33.5277997530065,2.5,33.5434073289507,0.3,36.0505865519517,0.265084603975993,37.0624019120005,0,39.0769319799729,6,0.0739996519987471,5.92600034800125,1,45.003336478956,0,7,266109.818230913,0.0273773619555868,NaN
94,3,45.0134693809669,3,47.0275946479524,1.5,47.043347408995,0.28,48.549610549002,0.238675338972826,49.5612187869847,0,51.5775861609727,6,0.0746481430251151,5.92535185697488,1,57.5038250689977,0,7,266109.818230913,0.0273773619555868,NaN
95,3,57.5186261889758,10,59.5267139219795,4.5,59.5434710810077,0.26,64.0448236090015,0.230126076960005,65.0617807719973,9,67.0783468929585,6,0.0752887410344556,5.92471125896554,1,73.0039288839907,0,16,266109.818230913,0.0273773619555868,NaN
96,3,73.0195631170063,1,75.0271598069812,3,75.0429999949993,0.24,78.0517115819966,0.2784351669834,79.066994733992,-1,81.0774536529789,4,0.074501630035229,3.92549836996477,0,85.0029979699757,0,15,266109.818230913,0.0273773619555868,NaN
97,3,85.0143617699505,7,87.0269645559601,1.5,87.0427835540031,0.24,88.547037057986,0.366889726021327,89.5602173570078,0,91.577396765002,4,0.0744724880205467,3.92552751197945,0,95.5040145909879,0,15,266109.818230913,0.0273773619555868,NaN
98,3,95.5151713489904,6,97.5260302230017,4,97.5425534269889,0.24,101.545982230979,0.272319560986944,102.566204331,0,104.576491501008,2,0.0735642350045964,1.9264357649954,0,106.503539294994,0,15,266109.818230913,0.0273773619555868,NaN
99,3,106.51299442997,4,108.526374370966,2,108.542475665978,0.26,110.549300729996,0.276384878961835,111.564911880007,-7,113.576672889991,2,0.0737479410017841,1.92625205899822,0,115.50372350798,0,8,266109.818230913,0.0273773619555868,NaN
100,3,115.515008486982,8,117.526347140956,1.5,117.542474038957,0.28,119.04907723295,0.257650161976926,120.065105801972,5,122.077002570964,2,0.0740753730060533,1.92592462699395,1,124.003838228004,0,13,266109.818230913,0.0273773619555868,NaN
101,3,124.015385009989,3,126.026388590981,5,126.042179957964,0.28,131.043481091969,0.328526633034926,132.064645036007,-5,134.076293175982,4,0.0733657790115103,3.92663422098849,0,138.003771888965,0,8,266109.818230913,0.0273773619555868,NaN
102,3,138.013347041968,7,140.026703701005,3.5,140.042046993971,0.3,143.542351901997,0.32808327395469,144.560367607977,0,146.575787475973,6,0.0728608299978077,5.92713917000219,0,152.503918271977,0,8,266109.818230913,0.0273773619555868,NaN
103,3,152.515050110989,1,154.526013895986,2.5,154.541769120959,0.32,157.046570362989,0.759669901046436,158.066549638985,-1,160.076340220985,4,0.0734159310231917,3.92658406897681,0,164.003572504967,0,7,266109.818230913,0.0273773619555868,NaN
104,3,164.013438875962,9,166.025720784965,1,166.041689231002,0.34,167.049134888977,0.262171517999377,168.065018085006,7,170.076297661988,6,0.0733733160304837,5.92662668396952,1,176.003207199974,0,14,266109.818230913,0.0273773619555868,NaN
105,3,176.012774939998,8,178.025439015008,1.5,178.041555190983,0.34,179.542400014994,0.245421739004087,180.563294640975,5,182.575667677971,4,0.0727431690320373,3.92725683096796,1,186.504027682997,0,19,266109.818230913,0.0273773619555868,NaN
106,3,186.51507928397,4,188.526115766959,3,188.541441168985,0.34,191.546231026994,0.237439099990297,192.564324843988,0,194.575830096961,6,0.0729024070315063,5.92709759296849,1,200.504080876999,0,19,266109.818230913,0.0273773619555868,NaN
107,3,200.515090094006,10,202.526271206967,3,202.541198266961,0.34,205.547119627008,0.282797924010083,206.561737975979,9,208.575632775959,6,0.0727077210322022,5.9272922789678,1,214.503586449951,0,28,266109.818230913,0.0273773619555868,NaN
108,3,214.514625419979,5,216.525531464955,5,216.541050394997,0.34,221.543846668967,0.288774045999162,222.562341708981,0,224.575305621955,6,0.0723811140051112,5.92761888599489,1,230.503661068971,0,28,266109.818230913,0.0273773619555868,NaN
109,3,230.514530590968,6,232.524860132951,1.5,232.540875290986,0.34,234.046400194988,0.467412670026533,235.065880708979,0,237.074702603975,4,0.0717779530095868,3.92822204699041,0,241.003691308957,0,28,266109.818230913,0.0273773619555868,NaN
110,3,241.01318627398,2,243.024815755954,3.5,243.04066819296,0.36,246.549480505986,0.263141726027243,247.561418958008,0,249.574881998997,2,0.0719553140224889,1.92804468597751,1,251.504247635952,0,28,266109.818230913,0.0273773619555868,NaN
111,3,251.515329757007,6,253.525551497994,5,253.540572884958,0.36,258.543853724957,0.25816249102354,259.560944403987,1,261.574595907994,4,0.0716720719938166,3.92832792800618,1,265.503365166951,0,29,266109.818230913,0.0273773619555868,NaN
112,3,265.514121071959,10,267.52445154899,4.5,267.540366038971,0.34,272.04839728697,0.285922156006563,273.058993618994,9,275.073906268983,4,0.0709819970070384,3.92901800299296,1,279.003613450972,0,38,266109.818230913,0.0273773619555868,NaN
113,3,279.014534346992,5,281.02344559296,1,281.040358951956,0.32,282.042020246969,0.321457662968896,283.064501118963,-9,285.073552795977,6,0.0706256130360998,5.9293743869639,0,291.003341714968,0,29,266109.818230913,0.0273773619555868,NaN
114,3,291.01422228798,3,293.023370486975,3,293.039999509987,0.32,296.050300982955,0.225842590967659,297.065109435003,0,299.073811170005,2,0.0708837989950553,1.92911620100494,1,301.003851918969,0,29,266109.818230913,0.0273773619555868,NaN
115,3,301.014426238951,4,303.023852053971,5,303.039915837988,0.32,NaN,NaN,303.510433831951,-7,311.053215972963,2,0.050288716040086,1.94971128395991,0,313.003971176979,1,22,266109.818230913,0.0273773619555868,NaN
116,3,313.014882104006,1,315.024449279008,2.5,315.039885394974,0.32,317.543790764001,-1,318.557559974957,-1,320.57343006297,6,0.0705058050225489,5.92949419497745,0,326.503059126961,0,21,266109.818230913,0.0273773619555868,NaN
117,3,326.514653360995,9,328.523572983977,3.5,328.539520514954,0.34,332.046234118985,0.25020809401758,333.05937429599,7,335.072730546992,2,0.0698033760418184,1.93019662395818,1,337.003809780988,0,28,266109.818230913,0.0273773619555868,NaN
118,3,337.015035960998,8,339.024400818977,1,339.039380195958,0.34,340.047058109951,0.26692526001716,341.06392821396,5,343.073367833975,2,0.0704405510332435,1.92955944896676,1,345.003231399984,0,33,266109.818230913,0.0273773619555868,NaN
119,3,345.011924473976,7,347.023620867985,2.5,347.039089281985,0.34,349.543835922959,0.225238018028904,350.556888847961,3,352.572735991969,2,0.0698109440272674,1.93018905597273,1,354.503904042998,0,36,266109.818230913,0.0273773619555868,NaN
120,3,354.512463666964,2,356.524031192006,3.5,356.539157227962,0.32,360.039474496967,0.237964189960621,361.061516874994,0,363.073293877998,4,0.0703662490122952,3.9296337509877,1,367.003004530969,0,36,266109.818230913,0.0273773619555868,NaN
121,3,367.01316743897,6,369.024312964,2,369.038952509,0.3,371.04324815498,0.640757333021611,372.057170102955,0,374.073504331987,6,0.0705770300119184,5.92942296998808,0,380.004112035967,0,36,266109.818230913,0.0273773619555868,NaN
122,3,380.015299252991,8,382.022777150967,2,382.038781782961,0.32,384.041108387988,0.27098258404294,385.056863941951,5,387.072237855988,4,0.0693134969915263,3.93068650300847,1,391.003107947996,0,41,266109.818230913,0.0273773619555868,NaN
123,3,391.01422722399,9,393.022382764961,2,393.038641201972,0.32,395.03988676297,-1,396.06189559598,0,398.073317945993,2,0.0703907019924372,1.92960929800756,0,400.003430128971,0,41,266109.818230913,0.0273773619555868,NaN
124,3,400.014669953962,7,402.022524304979,4.5,402.038426751969,0.34,406.541028775973,0.223116047040094,407.555689361994,3,409.572183562967,2,0.069209948007483,1.93079005199252,1,411.503801976971,0,44,266109.818230913,0.0273773619555868,NaN
125,3,411.519731291977,10,413.539191771008,1,413.555101902981,0.34,414.560381206975,0.379252518003341,415.57572793297,0,417.588484764972,6,0.0855604769894853,5.91443952301051,0,423.503573870985,0,44,266109.818230913,0.0273773619555868,NaN
126,3,423.513040117978,3,425.522153444996,4,425.538202715979,0.36,429.538832332008,0.242100142000709,430.560797818005,0,432.571497511992,2,0.0685687230434269,1.93143127695657,1,434.50315804797,0,44,266109.818230913,0.0273773619555868,NaN
127,3,434.514109232987,5,436.522303325008,4,436.538000539003,0.34,440.53804399498,0.217765324050561,441.555811324972,0,443.57214067498,2,0.0692134330165572,1.93078656698344,1,445.503456943959,0,44,266109.818230913,0.0273773619555868,NaN
128,3,445.511020244972,4,447.522635270958,5,447.537913660984,0.32,452.545031080954,0.246733754000161,453.559576031985,0,455.571226957953,4,0.0683018970303237,3.93169810296968,1,459.502978337987,0,44,266109.818230913,0.0273773619555868,NaN
129,3,459.513064802974,2,461.522749644006,4.5,461.537756906007,0.3,466.038312610995,0.205448192020413,467.054749893956,0,469.071100179979,4,0.0681749840150587,3.93182501598494,1,473.003327129991,0,44,266109.818230913,0.0273773619555868,NaN
130,3,473.01450770098,1,475.024574918963,1,475.037606359983,0.28,476.041294785973,0.364282622002065,477.055200304952,-1,479.07130700798,4,0.0683795480290428,3.93162045197096,0,483.003733884951,0,43,266109.818230913,0.0273773619555868,NaN
131,3,483.014672338963,2,485.020818359975,3.5,485.037417388987,0.3,488.540712022979,0.380438992986456,489.562090941006,-3,491.571776847006,2,0.0688492709887214,1.93115072901128,0,493.504016414983,0,40,266109.818230913,0.0273773619555868,NaN
132,3,493.515058994002,10,495.522761570988,2,495.537333171989,0.32,497.542276786,0.415186189988162,498.559410840971,0,500.571578071977,6,0.0686507730279118,5.93134922697209,0,506.503005827952,0,40,266109.818230913,0.0273773619555868,NaN
133,3,506.513400159951,7,508.521226322977,3,508.537201972969,0.34,511.539585218008,0.225116949994117,512.555361645005,3,514.570890944975,6,0.0679665800416842,5.93203341995832,1,520.504016775987,0,43,266109.818230913,0.0273773619555868,NaN
134,3,520.515074931958,9,522.521622829954,4,522.536963566963,0.34,526.542453090951,0.19541434495477,527.554845787992,7,529.570815899002,2,0.0678873900324106,1.93211260996759,1,531.503769760951,0,50,266109.818230913,0.0273773619555868,NaN
135,3,531.513317476958,1,533.521560997993,4.5,533.536751715001,0.34,538.043713719002,0.238578799995594,539.061884969997,0,541.070524040959,4,0.0675989399896935,3.93240106001031,1,545.004252090002,0,50,266109.818230913,0.0273773619555868,553.130314998969
136,4,5.00474967999617,6,7.02395353396423,4.5,7.0402446250082,0.34,11.5418759759632,0.255708998010959,12.5616406569607,1,14.5741839839611,4,0.0730684339650907,3.92693156603491,1,18.5020628309576,0,1,266748.867325187,0.0234629070037045,NaN
137,4,18.5134151289822,5,20.5241807599668,4.5,20.5397576169926,0.34,25.0443545909948,0.213601231982466,26.0588253659662,0,28.0738474569516,6,0.072851623990573,5.92714837600943,1,34.0010666929884,0,1,266748.867325187,0.0234629070037045,NaN
138,4,34.0122525679762,8,36.0231245169998,1,36.0395929589868,0.34,37.0480307589751,0.343248461023904,38.0629377909936,0,40.0734497919912,4,0.0724549739970826,3.92754502600292,0,44.0016924240044,0,1,266748.867325187,0.0234629070037045,NaN
139,4,44.0124683789909,3,46.0242443769821,3,46.0393361909664,0.34,49.0432996199816,0.315116370038595,50.0620417899918,0,52.0738556539873,4,0.0728578540147282,3.92714214598527,1,56.0011499249958,0,1,266748.867325187,0.0234629070037045,NaN
140,4,56.012194179988,4,58.0236833979725,3,58.0392448199564,0.32,61.0431465869769,0.303649189008866,62.0599863919779,0,64.0732735909987,6,0.0722785749821924,5.92772142501781,1,70.0018079159781,0,1,266748.867325187,0.0234629070037045,NaN
141,4,70.0114393859985,10,72.0236452780082,4,72.0391072799684,0.3,76.0404150089598,0.239590323006269,77.0564306969754,9,79.0730637380038,2,0.0720659589860588,1.92793404101394,1,81.001488038979,0,10,266748.867325187,0.0234629070037045,NaN
142,4,81.0108173229964,5,83.0230509839603,4,83.038943291991,0.28,87.0427239550045,0.229971043998376,88.0581308649853,0,90.0727378539741,6,0.0717422079760581,5.92825779202394,1,96.0013887099922,0,10,266748.867325187,0.0234629070037045,NaN
143,4,96.0124252069509,6,98.0237527569989,2.5,98.0387129689916,0.26,100.543038319971,0.238394009007607,101.55994052696,1,103.572630167007,6,0.0716322949738242,5.92836770502618,1,109.501449299976,0,11,266748.867325187,0.0234629070037045,NaN
144,4,109.512561862008,3,111.523110420967,2,111.538595474965,0.24,113.541371673986,0.386576029006392,114.563576684974,-5,116.572240574984,4,0.071244710998144,3.92875528900186,0,120.501966023003,0,6,266748.867325187,0.0234629070037045,NaN
145,4,120.513015292992,2,122.522745781986,1.5,122.538487604994,0.24,124.046546639991,0.269069141999353,125.062564543972,-3,127.072204254975,6,0.0712093499605544,5.92879065003945,0,133.001257770986,0,3,266748.867325187,0.0234629070037045,NaN
146,4,133.012371007993,4,135.022937408998,2,135.038467543956,0.24,137.038901412976,0.260257610003464,138.06105031498,-7,140.07213385799,4,0.0711383699672297,3.92886163003277,0,144.001572976995,0,-4,266748.867325187,0.0234629070037045,NaN
147,4,144.011992849002,9,146.022412364953,4,146.038094703981,0.26,150.043497091974,0.210541851993185,151.055836847983,7,153.072216790984,4,0.0712188869947568,3.92878111300524,1,157.001641510986,0,3,266748.867325187,0.0234629070037045,NaN
148,4,157.01256937196,1,159.022323623009,1,159.037977324973,0.26,160.038825857977,0.289088231045753,161.057622857974,-1,163.07187713997,4,0.070879120961763,3.92912087903824,0,167.001412589976,0,2,266748.867325187,0.0234629070037045,NaN
149,4,167.012456521974,7,169.021830538986,4,169.03784444998,0.28,173.043281410006,0.222240802017041,174.054797707999,3,176.072042046988,4,0.0710471100173891,3.92895288998261,1,180.002205031982,0,5,266748.867325187,0.0234629070037045,NaN
150,4,180.012972935976,8,182.021802111994,3,182.037627851008,0.28,185.046704762965,0.290669779002201,186.055760674994,0,188.071917300986,6,0.0709193499642424,5.92908065003576,0,194.002344770997,0,5,266748.867325187,0.0234629070037045,NaN
151,4,194.013838153973,4,196.021583564987,2.5,196.037420402979,0.3,198.539818283985,0.206109185004607,199.556349058985,0,201.571008611005,4,0.0700135809602216,3.92998641903978,1,205.501104436989,0,5,266748.867325187,0.0234629070037045,NaN
152,4,205.512084997958,5,207.520405869989,1.5,207.537271276,0.3,209.045409724989,0.240290253947023,210.057939938968,0,212.071477624995,4,0.0704795619822107,3.92952043801779,1,216.001182420994,0,5,266748.867325187,0.0234629070037045,NaN
153,4,216.012044529954,6,218.021236484987,1,218.037216484954,0.3,219.043052822002,0.28423557896167,220.057918998005,1,222.071339302987,4,0.0703415079624392,3.92965849203756,1,226.001560133998,0,6,266748.867325187,0.0234629070037045,NaN
154,4,226.012330761994,1,228.021838749002,4.5,228.036923712003,0.3,232.537902865966,0.229447029007133,233.558049187006,0,235.570448301965,2,0.0694503769627772,1.93054962303722,1,237.502140544006,0,6,266748.867325187,0.0234629070037045,NaN
155,4,237.510305073985,2,239.521727624,3,239.536785896984,0.3,242.543092623993,0.214349825982936,243.56258480798,0,245.570091372996,2,0.0690935929887928,1.93090640701121,1,247.501452263969,0,6,266748.867325187,0.0234629070037045,NaN
156,4,247.512453993957,10,249.52025540598,1.5,249.536673936003,0.28,251.041184832982,0.239200529002119,252.061247870966,9,254.070857002982,6,0.069860452960711,5.93013954703929,1,260.002185824967,0,15,266748.867325187,0.0234629070037045,NaN
157,4,260.013249748969,9,262.020205170964,2,262.036506901961,0.26,264.038758548966,0.214988725958392,265.053500798997,7,267.070447710983,2,0.0694526410079561,1.93054735899204,1,269.001679422974,0,22,266748.867325187,0.0234629070037045,NaN
158,4,269.012245680962,7,271.020373876963,3,271.036416821997,0.24,274.040786564001,0.275816045003012,275.063539924973,0,277.070835639955,2,0.0698399039683864,1.93016009603161,0,279.001730985998,0,22,266748.867325187,0.0234629070037045,NaN
159,4,279.012872214953,8,281.020105570962,2.5,281.036447975959,0.24,283.543751788966,0.287595755013172,284.563250197971,0,286.569567915983,6,0.0685729539836757,5.93142704601632,0,292.502155895985,0,22,266748.867325187,0.0234629070037045,NaN
160,4,292.513310755952,3,294.521119372977,2.5,294.536078814999,0.24,297.041225403955,0.203533776977565,298.061294451996,0,300.069826664985,2,0.0688288069795817,1.93117119302042,1,302.001263929007,0,22,266748.867325187,0.0234629070037045,NaN
161,4,302.012174403993,10,304.020342935983,1,304.036106694955,0.24,NaN,NaN,304.328273207997,0,308.044619127002,6,0.0436243129661307,5.95637568703387,0,314.001665293996,1,22,266748.867325187,0.0234629070037045,NaN
162,4,314.012230916996,6,316.019633320975,2,316.035912529973,0.24,318.042585721996,0.543734948965721,319.057234151987,0,321.07038640196,2,0.0693885899963789,1.93061141000362,0,323.001576545998,0,22,266748.867325187,0.0234629070037045,NaN
163,4,323.012645929994,4,325.02000628697,5,325.035857740964,0.26,330.04157971096,0.225044574995991,331.060734433995,0,333.069488356006,6,0.068490560981445,5.93150943901855,1,339.001373283972,0,22,266748.867325187,0.0234629070037045,NaN
164,4,339.011760628957,2,341.019955693977,5,341.035455392965,0.26,346.044234197994,0.291216913959943,347.054155299964,-3,349.069568827981,2,0.0685710560064763,1.93142894399352,0,351.002264412993,0,19,266748.867325187,0.0234629070037045,NaN
165,4,351.011887915956,7,353.01944101596,3.5,353.035142632958,0.28,356.542144574982,0.230059697001707,357.561150397989,3,359.569458151993,2,0.0684604700072668,1.93153952999273,1,361.502174484951,0,22,266748.867325187,0.0234629070037045,NaN
166,4,361.512206567975,1,363.520394496969,5,363.535172807984,0.28,368.540846646007,0.238839191035368,369.551846693968,0,371.56947306596,2,0.0684752319939435,1.93152476800606,1,373.502246794,0,22,266748.867325187,0.0234629070037045,NaN
167,4,373.51296682097,8,375.519729803957,5,375.535019720963,0.28,380.545611643989,0.267138581024483,381.559400497994,5,383.569483616971,4,0.068488749966491,3.93151125003351,1,387.501095169981,0,27,266748.867325187,0.0234629070037045,NaN
168,4,387.512107895978,5,389.519276781997,2,389.534948421991,0.28,391.54322526796,0.249085404968355,392.556242863997,0,394.56884192297,4,0.0678470970015042,3.9321529029985,1,398.502202901989,0,27,266748.867325187,0.0234629070037045,NaN
169,4,398.512786342006,3,400.520539349993,1.5,400.534834616003,0.28,402.043438986992,0.354073663009331,403.054574524984,-5,405.068765984965,2,0.0677678840002045,1.9322321159998,0,407.001498257974,0,22,266748.867325187,0.0234629070037045,NaN
170,4,407.010996163008,9,409.018063586962,1.5,409.034610071976,0.3,410.53507403296,0.272368435980752,411.554890376981,7,413.568153186003,2,0.0671551880077459,1.93284481199225,1,415.501292472996,0,29,266748.867325187,0.0234629070037045,NaN
171,4,415.511678984971,6,417.523593268008,4.5,417.534484878997,0.3,422.034699575976,0.214790629979689,423.051809534954,1,425.068435171968,6,0.0674394039670005,5.932560596033,1,431.00173222099,0,30,266748.867325187,0.0234629070037045,NaN
172,4,431.012680485961,4,433.018455101992,5,433.034253970953,0.28,438.035440629988,0.232374724000692,439.057511315972,0,441.068644605984,6,0.0676468369783834,5.93235316302162,1,447.001143882982,0,30,266748.867325187,0.0234629070037045,NaN
173,4,447.010764548962,5,449.017168102961,4.5,449.034174853005,0.26,453.540306172974,0.231004608038347,454.557641969004,0,456.567513577989,6,0.0665187690174207,5.93348123098258,1,462.501333339955,0,30,266748.867325187,0.0234629070037045,NaN
174,4,462.511914325994,3,464.519101245969,1,464.533804982959,0.24,465.540593881975,0.269277975021396,466.555853712955,-5,468.567410991003,2,0.0664128289790824,1.93358717102092,0,470.502122999984,0,25,266748.867325187,0.0234629070037045,NaN
175,4,470.51230988896,7,472.518356915971,4,472.533548223961,0.24,476.536843754991,0.20474378101062,477.553951122973,3,479.567865043005,6,0.0668672070023604,5.93313279299764,1,485.502207954996,0,28,266748.867325187,0.0234629070037045,NaN
176,4,485.513415922003,8,487.517890867952,2.5,487.533659091976,0.22,490.042912948993,0.296373518009204,491.053700777993,0,493.067504471983,4,0.0665094609721564,3.93349053902784,0,497.001473804004,0,28,266748.867325187,0.0234629070037045,NaN
177,4,497.012033576961,2,499.017778359994,3.5,499.033355908003,0.22,502.541982913972,0.219586170045659,503.556357928959,0,505.566733106971,4,0.0657381240162067,3.93426187598379,1,509.501595900976,0,28,266748.867325187,0.0234629070037045,NaN
178,4,509.512581368966,10,511.518795070995,3.5,511.533196118951,0.2,515.036638019956,0.2258666609996,516.057557254971,0,518.067002207972,6,0.0660041910014115,5.93399580899859,0,524.001808214001,0,28,266748.867325187,0.0234629070037045,NaN
179,4,524.011457208951,9,526.01804937399,3.5,526.03268407,0.22,529.536384965992,0.240597847034223,530.551829878008,0,532.566910331952,2,0.0659113529836759,1.93408864701632,0,534.502087604953,0,28,266748.867325187,0.0234629070037045,NaN
180,4,534.511672780965,1,536.517218769004,3.5,536.53288316098,0.24,540.033830515982,0.257703291019425,541.054526149994,-1,543.066220459004,2,0.065225457015913,1.93477454298409,0,545.001042114978,0,27,266748.867325187,0.0234629070037045,553.126265409985
